_id,OBJECTID,PROJ_NUM,LAST_UPDATED_DATE,PROJECT,LOCATION,DETAILS,DURATION/ Construction Timeline,STATUS,INV_PRIORITY,OWNER,CONTACT_NAME,CONTACT_EMAIL,INV_WEB_SITE,INV_DISPLAY_PROGRAM,INV_DISPLAY_SYMBOL,START_YEAR,CONTR_NUMBER,geometry
1,53,None,2025-06-23,Sidewalk Construction,RIDELLE AVE&lt;br&gt; From: OLD PARK RD&lt;br&gt; To: [55m E] BATHURST ST ,Installation of new sidewalks where none existed before.,Q2 2026 - Q4 2027,Active,None,Transportation Services,"Lucas Da Costa, Engineering and Construction Services",ldacost@toronto.ca,https://www.toronto.ca/services-payments/streets-parking-transportation/walking-in-toronto/,TS_Sidewalk,12,2026,EXTERNAL,"{""type"":""LineString"",""coordinates"":[[-79.4329379219645,43.7058281737977],[-79.4317888655127,43.7060724005234],[-79.43063717047,43.7063155429347],[-79.4285835861986,43.7067692737433],[-79.4275119707644,43.7069776438251]]}"
2,69,None,2025-07-10,Sidewalk Construction,JOYCE PKWY &lt;br&gt; From: MARIANFELD AVE&lt;br&gt; To: [JOYCE PUBLIC SCHOOL] ,Installation of new sidewalks where none existed before.,2026 - 2027,Active,None,Transportation Services,"Jessica Orjuela, Engineering and Construction Services",jorjuel@toronto.ca,https://www.toronto.ca/services-payments/streets-parking-transportation/walking-in-toronto/,TS_Sidewalk,12,2026,EXTERNAL,"{""type"":""LineString"",""coordinates"":[[-79.4615017642233,43.7100476295624],[-79.4620475567942,43.7099262931788],[-79.4625947569956,43.7098046450034],[-79.4630704339415,43.709702226632],[-79.4636055400266,43.7095870101119]]}"
3,670,TS2023-22-043,2025-10-28,Sidewalk Construction,ROSS AVE&lt;br&gt; From: AGINCOURT DR&lt;br&gt; To: DONALDA CRES ,Installation of new sidewalks where none existed before.,Q3 2027 - Q4 2028,Active,None,Transportation Services,"Adriana Gomez, Engineering and Construction Services",AGOMEZ4@toronto.ca,https://www.toronto.ca/services-payments/streets-parking-transportation/walking-in-toronto/,TS_Sidewalk,12,2026,EXTERNAL,"{""type"":""LineString"",""coordinates"":[[-79.2830727517493,43.7861306177798],[-79.2811764009126,43.7865681335106]]}"
4,671,None,2025-10-28,Sidewalk Construction,HILL GARDEN RD&lt;br&gt; From: FREEMONT AVE&lt;br&gt; To: [82 m W] FREEMONT AVE ,Installation of new sidewalks where none existed before.,Q3 2027 - Q4 2028,Active,None,Transportation Services,"Adriana Gomez, Engineering and Construction Services",AGOMEZ4@toronto.ca,https://www.toronto.ca/services-payments/streets-parking-transportation/walking-in-toronto/,TS_Sidewalk,12,2026,EXTERNAL,"{""type"":""LineString"",""coordinates"":[[-79.5228314719981,43.6951354228612],[-79.5227421613869,43.6951708355394],[-79.5226395776228,43.6952092707102],[-79.5225349818333,43.6952585113342],[-79.5224395692948,43.6953128168861],[-79.5224050377791,43.6953362351154],[-79.5223467017576,43.6953758000041],[-79.5222538808573,43.6954345875356],[-79.5221680106039,43.6954996664451],[-79.5220981600642,43.6955754789321],[-79.522076626852,43.6956150572636]]}"
5,689,None,2025-10-28,Sidewalk Construction,HILL GARDEN RD&lt;br&gt; From: FREEMONT AVE&lt;br&gt; To: SCARLETT RD ,Installation of new sidewalks where none existed before.,Q3 2027 - Q4 2028,Active,None,Transportation Services,"Adriana Gomez, Engineering and Construction Services",AGOMEZ4@toronto.ca,https://www.toronto.ca/services-payments/streets-parking-transportation/walking-in-toronto/,TS_Sidewalk,12,2026,EXTERNAL,"{""type"":""LineString"",""coordinates"":[[-79.5220344145314,43.6957400735191],[-79.5220331139748,43.6957457049765],[-79.5220330458508,43.6957460011321],[-79.5219723472386,43.6957859335348],[-79.5218833105936,43.6958214174957],[-79.5214269586262,43.6959658585268],[-79.5212787974598,43.6960127595169],[-79.5211508530079,43.6960461087353],[-79.5210647165348,43.6960866439438]]}"
6,883,TS2023-24_25-325,2025-09-18,Sidewalk Construction,ELLESMERE RD&lt;br&gt; From: ELLESMERE RD [Branch]&lt;br&gt; To: KINGSTON RD ,Installation of new sidewalks where none existed before.,Q2 2027 - Q4 2028,Active,None,Transportation Services,"Shams Khan, Engineering and Construction Services",skhan5@toronto.ca,https://www.toronto.ca/services-payments/streets-parking-transportation/walking-in-toronto/,TS_Sidewalk,12,2027,EXTERNAL,"{""type"":""LineString"",""coordinates"":[[-79.1545965249744,43.7935798296042],[-79.1551088729735,43.7940050581174],[-79.1552537409418,43.794123128218],[-79.1553094685718,43.7941629444652],[-79.1553721531685,43.7941991812122],[-79.1554413847081,43.7942313988568],[-79.1555709514414,43.7942779840789]]}"
7,2280,None,2026-02-20,Sidewalk Construction,CASEBRIDGE CRT &lt;br&gt; From: MORNINGSIDE AVE&lt;br&gt; To: VENTURE DR ,Installation of new sidewalks where none existed before.,Q2 2027 - Q4 2027,Active,None,Transportation Services,"Marfique Ahmed, Engineering and Construction Services",mahmed2@toronto.ca,https://www.toronto.ca/services-payments/streets-parking-transportation/walking-in-toronto/,TS_Sidewalk,12,2027,EXTERNAL,"{""type"":""LineString"",""coordinates"":[[-79.2027244047142,43.8089342918676],[-79.2002443624937,43.8095062431256]]}"
8,2652,None,2026-02-18,Sidewalk Construction,BARBERRY PL&lt;br&gt; From: SHEPPARD AVE&lt;br&gt; To: [115 m S] SHEPPARD AVE ,Installation of new sidewalks where none existed before.,2026 - 2027,Active,None,Transportation Services,"Matthew McAinsh, Engineering and Construction Services",mmcains@toronto.ca,https://www.toronto.ca/services-payments/streets-parking-transportation/walking-in-toronto/,TS_Sidewalk,12,2026,EXTERNAL,"{""type"":""LineString"",""coordinates"":[[-79.3849859343774,43.7674106640403],[-79.3845908531735,43.7664533147442]]}"
9,3240, ,2026-04-15,Sidewalk Construction,ORCHARD PARK DR&lt;br&gt; From: KINGSTON RD&lt;br&gt; To: WEST HILL DR ,Installation of new sidewalks where none existed before.,Q2 2026 - Q4 2026,Active,None,Transportation Services,"Niloufar Mohajerani, Engineering and Construction Services",nmohaje@toronto.ca,https://www.toronto.ca/services-payments/streets-parking-transportation/walking-in-toronto/,TS_Sidewalk,12,2026,EXTERNAL,"{""type"":""LineString"",""coordinates"":[[-79.1793273630366,43.7746799814392],[-79.1793724937866,43.7747707128139],[-79.1794136503585,43.7748287408155],[-79.1794531636817,43.7748595347893],[-79.1795028874367,43.7748832464663],[-79.1795664299426,43.7748966815375],[-79.1796418076897,43.7748990774229],[-79.1798225588095,43.7749044031346],[-79.1804253829807,43.7748996607445],[-79.1810603904613,43.7749045237125],[-79.1817180624308,43.7749199236184]]}"
10,3241, ,2026-04-15,Sidewalk Construction,CHEMICAL CRT&lt;br&gt; From: [305 m S] CORONATION DR [CUL-DE-SAC]&lt;br&gt; To: CORONATION DR ,Installation of new sidewalks where none existed before.,Q2 2026 - Q4 2026,Active,None,Transportation Services,"Niloufar Mohajerani, Engineering and Construction Services",nmohaje@toronto.ca,https://www.toronto.ca/services-payments/streets-parking-transportation/walking-in-toronto/,TS_Sidewalk,12,2026,EXTERNAL,"{""type"":""LineString"",""coordinates"":[[-79.1620622871605,43.7627011717355],[-79.1622774220258,43.7632646970804],[-79.1625531024077,43.7639405985815],[-79.1629828782256,43.7649679518757],[-79.1632110474337,43.7655356839205]]}"
11,3543,None,2021-03-25,Sidewalk Construction,BELLFONTAINE ST&lt;br&gt; From: [50 m N] BELLBROOK RD&lt;br&gt; To: [285 m S] BELLBROOK RD ,Installation of new sidewalks where none existed before.,Q3 2025 - Q4 2025,Active,None,Transportation Services,"Christy Manoharan, Engineering and Construction Services",cmanoha@toronto.ca,https://www.toronto.ca/services-payments/streets-parking-transportation/walking-in-toronto/,TS_Sidewalk,12,2025,EXTERNAL,"{""type"":""LineString"",""coordinates"":[[-79.291284028399,43.8005155455603],[-79.291259220176,43.8004485409111],[-79.29121183499,43.8002234263161],[-79.2911905323918,43.8000883705696],[-79.2911668054241,43.7999893148748],[-79.2908015094717,43.7991605345169],[-79.2901673141579,43.7977101818594],[-79.2900965434225,43.797543099023]]}"
12,3897,None,2023-03-14,Sidewalk Construction,WESTGATE BLVD&lt;br&gt; From: DELHI AVE&lt;br&gt; To: ARMOUR BLVD ,Installation of new sidewalks where none existed before.,Q1 2023 - Q3 2026 (Carry-Over),Active,None,Transportation Services,"Thomas Burgwin, Engineering and Construction Services",tburgwi@toronto.ca,https://www.toronto.ca/services-payments/streets-parking-transportation/walking-in-toronto/,TS_Sidewalk,12,2023,EXTERNAL,"{""type"":""LineString"",""coordinates"":[[-79.4313388694002,43.7404443594202],[-79.4313074409823,43.7405959912658],[-79.431281811005,43.7408696614988],[-79.4312583358171,43.7410806269267],[-79.4312586902672,43.7413774098789],[-79.4312501748633,43.7416006898458],[-79.4312652331724,43.7416812363888],[-79.43125886527,43.7418657547977],[-79.4312763387193,43.74210019568],[-79.4312987796202,43.7423347484506],[-79.4313108864556,43.7424961349194],[-79.4313008186651,43.7426036492856],[-79.4312975370018,43.7427156773367],[-79.431254254155,43.7429345266533],[-79.4312230930336,43.7431268089545],[-79.4311708312511,43.7432637885784]]}"
13,3963,None,2023-08-10,Sidewalk Construction,EDGEBROOK DR&lt;br&gt; From: BANKFIELD DR&lt;br&gt; To: [30M W] BANKFIELD DR ,Installation of new sidewalks where none existed before.,Q1 2024 - Q2 2025 (Carry-Over),Active,None,Transportation Services,"Fernando Eyzaguirre Garcia, Engineering and Construction Services",feyzagu@toronto.ca,https://www.toronto.ca/services-payments/streets-parking-transportation/walking-in-toronto/,TS_Sidewalk,12,2024,EXTERNAL,"{""type"":""LineString"",""coordinates"":[[-79.5547826588502,43.7330271180475],[-79.5542979915993,43.7329571064097]]}"
14,3965,None,2023-06-13,Sidewalk Construction,SUN AVE&lt;br&gt; From: TOWER DR&lt;br&gt; To: MANHATTAN DR ,Installation of new sidewalks where none existed before.,Q2 2026 - Q4 2026,Active,None,Transportation Services,"Marfique Ahmed, Engineering and Construction Services",mahmed2@toronto.ca,https://www.toronto.ca/services-payments/streets-parking-transportation/walking-in-toronto/,TS_Sidewalk,12,2026,EXTERNAL,"{""type"":""LineString"",""coordinates"":[[-79.3007018768359,43.7500317857522],[-79.3004441163785,43.7500673453189],[-79.3001413289525,43.7501028264801],[-79.2997477077567,43.7501471606356],[-79.2993885086827,43.7501777577158]]}"
15,3995,None,2023-06-13,Sidewalk Construction,BELLVARE CRES&lt;br&gt; From: DEANVAR AVE&lt;br&gt; To: TOWNLEY AVE ,Installation of new sidewalks where none existed before.,Q2 2026 - Q4 2026,Active,None,Transportation Services,"Marfique Ahmed, Engineering and Construction Services",mahmed2@toronto.ca,https://www.toronto.ca/services-payments/streets-parking-transportation/walking-in-toronto/,TS_Sidewalk,12,2026,EXTERNAL,"{""type"":""LineString"",""coordinates"":[[-79.3100812128341,43.7459700997984],[-79.3100191900564,43.7459519943088],[-79.3099758213092,43.7459249176917],[-79.3099371049422,43.7458978487943],[-79.3098720624656,43.745852734579],[-79.3098411087756,43.7458256785611],[-79.3097745714435,43.7457625575861],[-79.3097713586037,43.7457584863933],[-79.3097390175441,43.7457174986684],[-79.309715852579,43.7456814543724],[-79.309695789212,43.7456454080346],[-79.3096803831314,43.7456093766489],[-79.3096657766321,43.7455643444837],[-79.3096542568292,43.7455283195655],[-79.3096396032489,43.7455012915356],[-79.3096268156336,43.7454903886765],[-79.3096078676308,43.7454742341507],[-79.3095776381602,43.7454651816835],[-79.3095427402454,43.7454561232297],[-79.3095008359614,43.7454560533966],[-79.309413110121,43.74547390867],[-79.3093129284,43.7454917448965],[-79.3089433243596,43.7455631463523],[-79.308936650033,43.7455645168812]]}"
16,4005,None,2023-06-13,Sidewalk Construction,FOSTER PL&lt;br&gt; From: 1 FOSTER PL&lt;br&gt; To: [25 M W] 1 FOSTER PL ,Installation of new sidewalks where none existed before.,Q1 2027 - Q4 2027,Active,None,Transportation Services,"Christy Manoharan, Engineering and Construction Services",cmanoha@toronto.ca,https://www.toronto.ca/services-payments/streets-parking-transportation/walking-in-toronto/,TS_Sidewalk,12,2027,EXTERNAL,"{""type"":""LineString"",""coordinates"":[[-79.384451716807,43.6546518942226],[-79.3841548360145,43.6547277848097]]}"
17,4024, ,2023-10-11,Sidewalk Construction,TROPHY DR&lt;br&gt; From: ECCLESTON DR&lt;br&gt; To: SLOANE AVE ,Installation of new sidewalks where none existed before.,Q4 2026 - Q4 2027,Active,None,Transportation Services,"Ehsan Movahedi, Engineering and Construction Services",emovahe@toronto.ca,https://www.toronto.ca/services-payments/streets-parking-transportation/walking-in-toronto/,TS_Sidewalk,12,2026,EXTERNAL,"{""type"":""LineString"",""coordinates"":[[-79.3138225949743,43.7274015337327],[-79.3137918357962,43.7274419900955],[-79.3137715693388,43.7274734614082],[-79.3137181833984,43.7275543864505],[-79.3136725832667,43.7276218223033],[-79.3136215866882,43.7276802571023],[-79.3135516130106,43.7277341432035],[-79.3134633789335,43.7277925081819],[-79.313337592425,43.7278283104809],[-79.313209112597,43.7278596076215],[-79.3130736180134,43.7278953937643],[-79.3129730675151,43.7279222446936],[-79.3115765614242,43.7281990074513],[-79.3114717792789,43.7282168389452],[-79.3113875710036,43.7282212015401],[-79.3112828842118,43.7282165389293],[-79.3111708561868,43.7281938427204],[-79.3110852335642,43.7281577061951],[-79.31099153802,43.7280990342634],[-79.3109214861705,43.7280494116057],[-79.3108653701526,43.7280088132013],[-79.3108270638175,43.7279772544837],[-79.3106938923355,43.7278960129743]]}"
18,4700,None,2023-12-19,Sidewalk Construction,BURLEIGH HTS DR&lt;br&gt; From: BURBANK DR&lt;br&gt; To: BAYVIEW AVE ,Installation of new sidewalks where none existed before.,Q1 2027 - Q3 2027,Active,None,Transportation Services,"Matthew McAinsh, Engineering and Construction Services",mmcains@toronto.ca,https://www.toronto.ca/services-payments/streets-parking-transportation/walking-in-toronto/,TS_Sidewalk,12,2027,EXTERNAL,"{""type"":""LineString"",""coordinates"":[[-79.3870595571356,43.7799204527862],[-79.387933920569,43.7797233294267],[-79.38868875933,43.7795598445651],[-79.389148782001,43.779472420568],[-79.3893805539853,43.7794582675764],[-79.3895443956219,43.7794435885267],[-79.3896849757704,43.7794520170648],[-79.3899463810968,43.77947685753],[-79.3900819138556,43.7794805290091],[-79.3901926473416,43.7794774751433],[-79.3904510097333,43.7794442459705],[-79.3909171781257,43.7793747492478]]}"
19,4754, ,2024-04-26,Sidewalk Construction,MINUK ACRES&lt;br&gt; From: BEECHGROVE DR&lt;br&gt; To: [193 m S] BEECHGROVE DR [CUL-DE-SAC] ,Installation of new sidewalks where none existed before.,Q2 2026 - Q4 2026,Active,None,Transportation Services,"Niloufar Mohajerani, Engineering and Construction Services",nmohaje@toronto.ca,https://www.toronto.ca/services-payments/streets-parking-transportation/walking-in-toronto/,TS_Sidewalk,12,2025,EXTERNAL,"{""type"":""LineString"",""coordinates"":[[-79.1578992581969,43.7663211783042],[-79.1579477710083,43.7662314198049],[-79.1579588735707,43.7660470235359],[-79.1579068533898,43.765920147557],[-79.1573528687072,43.7646543904454]]}"
20,4805,None,2024-03-06,Sidewalk Construction,STAFFORD RD&lt;br&gt; From: ELLERSLIE AVE&lt;br&gt; To: [N] HOUNSLOW AVE ,Installation of new sidewalks where none existed before.,Q1 2027 - Q3 2027,Active,None,Transportation Services,"Matthew McAinsh, Engineering and Construction Services",mmcains@toronto.ca,https://www.toronto.ca/services-payments/streets-parking-transportation/walking-in-toronto/,TS_Sidewalk,12,2027,EXTERNAL,"{""type"":""LineString"",""coordinates"":[[-79.436635958202,43.7664165315088],[-79.4367271716271,43.7666264183885],[-79.4369772560031,43.7672018622749],[-79.4369818455235,43.7672124240855],[-79.4371974309506,43.7677084877404],[-79.4373891396098,43.7681271385663],[-79.4375792824669,43.7685502878718],[-79.4379669639905,43.7694100930138],[-79.4383185454611,43.7702698862364]]}"
21,4976,TS2023-15-006,2024-06-26,Sidewalk Construction,THE BRIDLE PATH&lt;br&gt; From: BAYVIEW AVE&lt;br&gt; To: TIMBERGLADE CRT ,Installation of new sidewalks where none existed before.,Q3 2024 - Q2 2026 (Carry-Over),Active,None,Transportation Services,"Matthew McAinsh, Engineering and Construction Services",mmcains@toronto.ca,https://www.toronto.ca/services-payments/streets-parking-transportation/walking-in-toronto/,TS_Sidewalk,12,2024,EXTERNAL,"{""type"":""LineString"",""coordinates"":[[-79.3822969117696,43.7385257312075],[-79.3809399577641,43.7388084673418],[-79.3781692763482,43.739368560522],[-79.375655524588,43.7398809959938],[-79.3754164417334,43.7399281819757],[-79.3753322153297,43.7399709044375],[-79.3752644649023,43.7400135719084],[-79.37522303406,43.7400443765641],[-79.3751875403775,43.7400618739855],[-79.3751520330384,43.7400793614797],[-79.3751138776274,43.7400866575902],[-79.3750735064446,43.740084842033],[-79.3750467370264,43.7400795200553],[-79.3750265536145,43.740071298779],[-79.3750010491297,43.7400421879529],[-79.3749895840118,43.739995566204],[-79.3749840549609,43.7399356102399],[-79.3749772379396,43.7398687570324],[-79.3749769068464,43.7398172597968],[-79.3749711404811,43.7397645675544],[-79.3749631836111,43.7396715555544],[-79.3749402660273,43.7395783021538],[-79.3748983366336,43.7394556758636],[-79.3748588304262,43.7393505136745],[-79.3748128240472,43.7392923694233],[-79.3747785014396,43.7392580281778],[-79.3747335132574,43.7392296439423],[-79.3747010485269,43.7392152883175]]}"
22,5044,None,2024-04-24,Sidewalk Construction,EARL RD&lt;br&gt; From: [45M E ] DOREST RD&lt;br&gt; To: DOREST RD ,Installation of new sidewalks where none existed before.,Q2 2025 - Q4 2025,Active,None,Transportation Services,"Dennis Coronel, Engineering and Construction Services",dcorone@toronto.ca,https://www.toronto.ca/services-payments/streets-parking-transportation/walking-in-toronto/,TS_Sidewalk,12,2025,EXTERNAL,"{""type"":""LineString"",""coordinates"":[[-79.2315074593834,43.7224937276135],[-79.2315700588669,43.7224792530218],[-79.2320607913199,43.7223657798869]]}"
23,5233, ,2024-06-26,Sidewalk Construction,WANLESS CRES&lt;br&gt; From: WANLESS AVE&lt;br&gt; To: [E] BRAESIDE RD [CITY LIMITS] ,Installation of new sidewalks where none existed before.,Q4 2025 - Q3 2026 (Carry-Over),Active,None,Transportation Services,"Christy Manoharan, Engineering and Construction Services",cmanoha@toronto.ca,https://www.toronto.ca/services-payments/streets-parking-transportation/walking-in-toronto/,TS_Sidewalk,12,2025,EXTERNAL,"{""type"":""LineString"",""coordinates"":[[-79.3902974312957,43.7284420446276],[-79.390371317861,43.728473161684],[-79.3905152493255,43.7284986948301],[-79.3906592049065,43.7285171789492],[-79.3908440224484,43.7285230020713],[-79.3910035909218,43.7285161081759],[-79.3912021026766,43.7284866571272],[-79.3913656441166,43.7284317890138],[-79.3915331273827,43.7283515391172],[-79.3916480509961,43.7282867302922],[-79.3917883247868,43.7281852734111],[-79.3918682376245,43.7281035079852],[-79.3919579460683,43.7279921376891],[-79.3920067177683,43.7279145742056],[-79.392057487223,43.7278172629703],[-79.3920926624174,43.7277284089555],[-79.3921239543733,43.7275686026018]]}"
24,5794,None,2024-09-13,Sidewalk Construction,NEILSON DR&lt;br&gt; From: BLOOR ST W&lt;br&gt; To: RADWAY AVE ,Installation of new sidewalks where none existed before.,Q4 2026 - Q1 2029,Active,None,Transportation Services,"Shailaja Patel, Engineering and Construction Services",spatelz@toronto.ca,https://www.toronto.ca/services-payments/streets-parking-transportation/walking-in-toronto/,TS_Sidewalk,12,2026,EXTERNAL,"{""type"":""LineString"",""coordinates"":[[-79.5672297362371,43.6344501702609],[-79.5668831677517,43.6335959961138],[-79.5667586653248,43.6332891323656],[-79.5666117211089,43.6329345786852],[-79.5663066210757,43.6321983695096]]}"
25,5926,None,2024-08-28,Sidewalk Construction,BELFIELD RD&lt;br&gt; From: MARTIN GROVE&lt;br&gt; To: [85M] EAST OF MARTIN GROVE ,Installation of new sidewalks where none existed before.,Q3 2026 - Q2 2027,Active,None,Transportation Services,"Matthew McAinsh, Engineering and Construction Services",mmcains@toronto.ca,https://www.toronto.ca/services-payments/streets-parking-transportation/walking-in-toronto/,TS_Sidewalk,12,2026,EXTERNAL,"{""type"":""LineString"",""coordinates"":[[-79.5754397196973,43.7019760996557],[-79.5749137148849,43.702102551719],[-79.5743993820713,43.702226195265]]}"
26,6180, ,2025-06-06,Sidewalk Construction,SCARBOROUGH GOLF CLUB RD&lt;br&gt; From: HILL CRES&lt;br&gt; To: KINGSTON RD ,Installation of new sidewalks where none existed before.,Q3 2026 - Q3 2027,Active,None,Transportation Services,"Nicholas Mah, Engineering and Construction Services",nmah@toronto.ca,https://www.toronto.ca/services-payments/streets-parking-transportation/walking-in-toronto/,TS_Sidewalk,12,2026,EXTERNAL,"{""type"":""LineString"",""coordinates"":[[-79.2078915038083,43.7425244704819],[-79.209349259848,43.7460026483359]]}"
27,6423,None,2025-04-16,Sidewalk Construction,KOOS RD&lt;br&gt; From: BLOOR ST W&lt;br&gt; To: RADWAY DR ,Installation of new sidewalks where none existed before.,Q4 2026 - Q1 2029,Active,None,Transportation Services,"Shailaja Patel, Engineering and Construction Services",spatelz@toronto.ca,https://www.toronto.ca/services-payments/streets-parking-transportation/walking-in-toronto/,TS_Sidewalk,12,2026,EXTERNAL,"{""type"":""LineString"",""coordinates"":[[-79.5660151329544,43.6347305727737],[-79.5654231103812,43.6334734409885],[-79.5650136412951,43.6325048227383]]}"
28,6477,None,2025-06-10,Sidewalk Construction,"SORAUREN AVE
&lt;br&gt; From: FERMANAGH AVE
&lt;br&gt; To: [50M S] FERMANAGH AVE
 ",Installation of new sidewalks where none existed before.,Q3 2025 - Q3 2026,Active,None,Transportation Services,"Ehsan Movahedi, Engineering and Construction Services",emovahe@toronto.ca,https://www.toronto.ca/services-payments/streets-parking-transportation/walking-in-toronto/,TS_Sidewalk,12,2025,EXTERNAL,"{""type"":""LineString"",""coordinates"":[[-79.4438790955198,43.6473388825922],[-79.4436886856426,43.6468596462286]]}"
29,6501,None,2025-06-10,Sidewalk Construction,NEILSON DR&lt;br&gt; From: RICKSHAW AVE&lt;br&gt; To: [70M N] DUNDAS ST W ,Installation of new sidewalks where none existed before.,Q1 2026 - Q3 2026,Active,None,Transportation Services,"Nicholas Mah, Engineering and Construction Services",nmah@toronto.ca,https://www.toronto.ca/services-payments/streets-parking-transportation/walking-in-toronto/,TS_Sidewalk,12,2025,EXTERNAL,"{""type"":""LineString"",""coordinates"":[[-79.5634863112574,43.6300395978816],[-79.563517914569,43.6298857213108],[-79.5629631438074,43.6286493824357],[-79.5627608895634,43.6281986281404]]}"
30,8548,None,2023-06-26,Sidewalk Construction,ROXALINE ST&lt;br&gt; From: LAWRENCE AVE W&lt;br&gt; To: LOCKHEED BLVD ,Installation of new sidewalks where none existed before.,2027,Active,None,Transportation Services,"Angela Au, Engineering and Construction Services",aau2@toronto.ca,https://www.toronto.ca/services-payments/streets-parking-transportation/walking-in-toronto/,TS_Sidewalk,12,2027,EXTERNAL,"{""type"":""LineString"",""coordinates"":[[-79.5296857521618,43.696808470649],[-79.5297720554932,43.6970095207682],[-79.529811748884,43.69710198695],[-79.5303878682734,43.6984440530543],[-79.5303898690705,43.6985072019389]]}"
31,8948,None,2024-03-08,Sidewalk Construction,ST LEONARDS AVE&lt;br&gt; From: [155 m W] MILDENHALL RD&lt;br&gt; To: BAYVIEW AVE ,Installation of new sidewalks where none existed before.,Q4 2027 - Q1 2030,Active,None,Transportation Services,"Harry Persaud, Engineering and Construction Services",hpersau3@toronto.ca,https://www.toronto.ca/services-payments/streets-parking-transportation/walking-in-toronto/,TS_Sidewalk,12,2027,EXTERNAL,"{""type"":""LineString"",""coordinates"":[[-79.3868494142031,43.7241618717592],[-79.3868376928893,43.7241643255961],[-79.3849823905845,43.7245527091598],[-79.3840849904927,43.7247559634183],[-79.3821241626606,43.7251647415177],[-79.3811784911169,43.7253741502017],[-79.3811055734359,43.7253902874149],[-79.3805056326315,43.7255196748337],[-79.3803609219243,43.7255508846843],[-79.380203634747,43.7255848040467]]}"
32,9293,None,2024-01-10,Sidewalk Construction,HICKORY TREE RD&lt;br&gt; From: WILBY CRES&lt;br&gt; To: [27M W] of WILBY CRES ,Installation of new sidewalks where none existed before.,Q4 2025 - Q3 2026 (Carry-Over),Active,None,Transportation Services,"Christy Manoharan, Engineering and Construction Services",cmanoha@toronto.ca,https://www.toronto.ca/services-payments/streets-parking-transportation/walking-in-toronto/,TS_Sidewalk,12,2025,EXTERNAL,"{""type"":""LineString"",""coordinates"":[[-79.5115388044637,43.6979602990809],[-79.5116934229748,43.697740333338]]}"
33,9505,None,2024-03-08,Sidewalk Construction,LAURA SECORD WALK&lt;br&gt; From: HOWDEN RD&lt;br&gt; To: BIRCHMOUNT RD ,Installation of new sidewalks where none existed before.,2027 - Q4 2027,Active,None,Transportation Services,"Marfique Ahmed, Engineering and Construction Services",mahmed2@toronto.ca,https://www.toronto.ca/services-payments/streets-parking-transportation/walking-in-toronto/,TS_Sidewalk,12,2027,EXTERNAL,"{""type"":""LineString"",""coordinates"":[[-79.291336668009,43.7550378059704],[-79.2912657562675,43.7551186890288],[-79.2911826239867,43.7551455416584],[-79.2910878747876,43.7551633718017],[-79.2897650315319,43.755475993406],[-79.2884000834989,43.7558144739756]]}"
34,9539,None,2025-04-07,Sidewalk Construction,VANDERHOOF AVE&lt;br&gt; From: BRENTCLIFFE RD&lt;br&gt; To: GLASSWORKS DR ,Installation of new sidewalks where none existed before.,Q1 2026 - Q4 2026,Active,None,Transportation Services,"Nicholas Mah, Engineering and Construction Services",nmah@toronto.ca,https://www.toronto.ca/services-payments/streets-parking-transportation/walking-in-toronto/,TS_Sidewalk,12,2025,EXTERNAL,"{""type"":""LineString"",""coordinates"":[[-79.3590976244927,43.7128793897166],[-79.3570455272664,43.7133463150525],[-79.3562198158653,43.7135225106125],[-79.3553815719339,43.7137013730225],[-79.354497826735,43.7138864299436],[-79.3536158644629,43.7140678638025]]}"
35,9559, ,2024-06-26,Sidewalk Construction,RAVINE PARK CRES&lt;br&gt; From: PORT UNION RD&lt;br&gt; To: PARLETTE AVE ,Installation of new sidewalks where none existed before.,Q3 2025 - Q4 2025,Active,None,Transportation Services,"Christy Manoharan, Engineering and Construction Services",cmanoha@toronto.ca,https://www.toronto.ca/services-payments/streets-parking-transportation/walking-in-toronto/,TS_Sidewalk,12,2025,EXTERNAL,"{""type"":""LineString"",""coordinates"":[[-79.1402038085444,43.788027063284],[-79.1399708520523,43.7880669896153],[-79.1398021329761,43.7881024634515],[-79.1396053927714,43.7881468507184],[-79.1393940639562,43.7881641882112],[-79.1392417538108,43.7881817116197],[-79.1391477437205,43.7881904168755]]}"
36,9678,None,2024-04-24,Sidewalk Construction,SHEFFIELD ST&lt;br&gt; From: INGRAM DR&lt;br&gt; To: [175M N] INGRAM DR ,Installation of new sidewalks where none existed before.,Q3 2025 - Q3 2026,Active,None,Transportation Services,"Nicholas Mah, Engineering and Construction Services",nmah@toronto.ca,https://www.toronto.ca/services-payments/streets-parking-transportation/walking-in-toronto/,TS_Sidewalk,12,2025,EXTERNAL,"{""type"":""LineString"",""coordinates"":[[-79.4694488541675,43.7008606380823],[-79.4692210047793,43.7009155306803],[-79.4689855375216,43.7009840396955],[-79.4689088452818,43.701022040273],[-79.468861916285,43.7010644136316],[-79.4688370716537,43.7011044355581],[-79.4688307310016,43.7011656146362],[-79.4688739272628,43.7012998787105],[-79.4691976759529,43.7021175904873]]}"
37,9707,None,2024-06-19,Sidewalk Construction,WALDER AVE&lt;br&gt; From: [63.90 m N] ROEHAMPTON AVE&lt;br&gt; To: BROADWAY AVE ,Installation of new sidewalks where none existed before.,Q1 2027 - Q4 2028,Active,None,Transportation Services,"Angela Au, Engineering and Construction Services",aau2@toronto.ca,https://www.toronto.ca/services-payments/streets-parking-transportation/walking-in-toronto/,TS_Sidewalk,12,2027,EXTERNAL,"{""type"":""LineString"",""coordinates"":[[-79.3822881488108,43.7128577210817],[-79.381969498348,43.7120471762684]]}"
38,10387,None,2025-04-07,Sidewalk Construction,LESLIE ST&lt;br&gt; From: WICKSTEED AVE&lt;br&gt; To:  VANDERHOOF AVE ,Installation of new sidewalks where none existed before.,Q1 2026 - Q4 2026,Active,None,Transportation Services,"Nicholas Mah, Engineering and Construction Services",nmah@toronto.ca,https://www.toronto.ca/services-payments/streets-parking-transportation/walking-in-toronto/,TS_Sidewalk,12,2025,EXTERNAL,"{""type"":""LineString"",""coordinates"":[[-79.3509906227379,43.7135985367344],[-79.3509578780275,43.7135272607718],[-79.3506492911481,43.7128555295709]]}"
39,11151,None,2024-06-26,Sidewalk Construction,CARPENTER RD&lt;br&gt; From: FISHERVILLE RD&lt;br&gt; To: BATHURST ST ,Installation of new sidewalks where none existed before.,Q2 2023 - Q4 2025 (Carry-Over),Active,None,Transportation Services,"Fernando Eyzaguirre Garcia, Engineering and Construction Services",feyzagu@toronto.ca,https://www.toronto.ca/services-payments/streets-parking-transportation/walking-in-toronto/,TS_Sidewalk,12,2023,EXTERNAL,"{""type"":""LineString"",""coordinates"":[[-79.4471094993785,43.7901879256754],[-79.4470925245107,43.7901082217238],[-79.4470814155962,43.7900539937117],[-79.4470701941268,43.7900006117532],[-79.4470587510342,43.7899463565798],[-79.4470476009863,43.7898965661062],[-79.4470360698173,43.7898421938739],[-79.4470243389498,43.7897888566785],[-79.4470125247223,43.7897328551051],[-79.4469934615948,43.7896641999648],[-79.4469805977241,43.7896304163164],[-79.4469518412524,43.7895805366517],[-79.4469094613333,43.7895367534254],[-79.446853715255,43.7895017940881],[-79.4467910704061,43.7894700098148],[-79.4467277261808,43.7894423107991],[-79.4466653155802,43.7894127309453],[-79.4466033187601,43.7893790107255],[-79.4465520950604,43.7893448724567],[-79.4465216615568,43.7892951269141],[-79.4465181458382,43.7892414793654],[-79.4465216886189,43.7891853409028],[-79.4465264981343,43.7891313002981],[-79.4465309347495,43.7890774125377]]}"
40,11178,None,2026-04-16,Sidewalk Construction,SHAFTESBURY ST&lt;br&gt; From: OVERBROOK PL&lt;br&gt; To: [127 m S] OVERBROOK PL ,Installation of new sidewalks where none existed before.,2024 - 2025,Active,None,Transportation Services, Transportation Services Capital Projects &amp; Program,tscapitalprojects@toronto.ca,https://www.toronto.ca/services-payments/streets-parking-transportation/walking-in-toronto/,TS_Sidewalk,12,2024,EXTERNAL,"{""type"":""LineString"",""coordinates"":[[-79.4592234019494,43.7623313942257],[-79.4588803009296,43.7615095315366],[-79.4587585252701,43.761220617108]]}"
41,11223,None,2023-06-15,Sidewalk Construction,RICHVIEW RD&lt;br&gt; From: [380 M W] SCARLETT RD&lt;br&gt; To: [664 M W] SCARLET RD ,Installation of new sidewalks where none existed before.,2027 - 2028,Active,None,Transportation Services, Metrolinx Customer Relations,CustomerRelations@metrolinx.com,https://www.toronto.ca/services-payments/streets-parking-transportation/walking-in-toronto/,TS_Sidewalk,12,2027,EXTERNAL,"{""type"":""LineString"",""coordinates"":[[-79.5203310063175,43.6837348930505],[-79.5196466105197,43.6839056172265],[-79.5192961393624,43.6839853952114],[-79.5179925801674,43.6842821145108],[-79.5169786406979,43.684508698401]]}"
42,11291,None,2024-03-08,Sidewalk Construction,DAWLISH AVE&lt;br&gt; From: MILDENHALL RD&lt;br&gt; To: BAYVIEW AVE ,Installation of new sidewalks where none existed before.,Q4 2027 - Q1 2030,Active,None,Transportation Services,"Harry Persaud, Engineering and Construction Services",hpersau3@toronto.ca,https://www.toronto.ca/services-payments/streets-parking-transportation/walking-in-toronto/,TS_Sidewalk,12,2027,EXTERNAL,"{""type"":""LineString"",""coordinates"":[[-79.3846013974838,43.7235922398659],[-79.3819177709487,43.7241363723062],[-79.3797360926191,43.7246114606122]]}"
43,11391,None,2023-05-17,Sidewalk Construction,HOPEWELL AVE&lt;br&gt; From: DUFFERIN ST&lt;br&gt; To: [130 m E] DUFFERIN ST ,Installation of new sidewalks where none existed before.,Q3 2025 - Q4 2028 (Carry-Over),Active,None,Transportation Services,"Marfique Ahmed, Engineering and Construction Services",mahmed2@toronto.ca,https://www.toronto.ca/services-payments/streets-parking-transportation/walking-in-toronto/,TS_Sidewalk,12,2024,EXTERNAL,"{""type"":""LineString"",""coordinates"":[[-79.451305430912,43.6986934775011],[-79.4511440676315,43.6987232866114],[-79.4509256579014,43.6987636331241],[-79.4508781845565,43.6987740515228],[-79.4507536727335,43.6988013753551],[-79.4506681255425,43.6988201493518],[-79.4506672668563,43.6988203380082],[-79.4505983331781,43.6988406430389],[-79.4505394784797,43.6988579801655],[-79.4504483759714,43.698898772336],[-79.4503977112861,43.6989214588022],[-79.4502373179003,43.6989758468592],[-79.4500749112898,43.6990174879929],[-79.4498227022623,43.6990676767353]]}"
44,12114,None,2024-01-10,Sidewalk Construction,WILBY CRES&lt;br&gt; From: WESTON RD&lt;br&gt; To: [70 m SW] WESTON RD [END] ,Installation of new sidewalks where none existed before.,Q4 2025 - Q3 2026 (Carry-Over),Active,None,Transportation Services,"Christy Manoharan, Engineering and Construction Services",cmanoha@toronto.ca,https://www.toronto.ca/services-payments/streets-parking-transportation/walking-in-toronto/,TS_Sidewalk,12,2025,EXTERNAL,"{""type"":""LineString"",""coordinates"":[[-79.5111497504471,43.6972927887748],[-79.5115388044637,43.6979602990809],[-79.5113155323467,43.6983427671314]]}"
45,12548,None,2025-10-10,Sidewalk Construction,ANCROFT PL&lt;br&gt; From: SHERBOURNE ST N&lt;br&gt; To: [N-S] ANCROFT PL [LEG] ,Installation of new sidewalks where none existed before.,Q3 2025 - Q4 2026,Active,None,Transportation Services,"Marfique Ahmed, Engineering and Construction Services",mahmed2@toronto.ca,https://www.toronto.ca/services-payments/streets-parking-transportation/walking-in-toronto/,TS_Sidewalk,12,2025,EXTERNAL,"{""type"":""LineString"",""coordinates"":[[-79.3765547813054,43.6739826482293],[-79.3765915707642,43.673985943731],[-79.3766504399122,43.6739679407145],[-79.3767728368756,43.6739291149975],[-79.3770062426588,43.6738888586156],[-79.3772271773411,43.6738710916713],[-79.3774043043928,43.6738622795491]]}"
46,12553,TS2023-08-095,2022-05-06,Sidewalk Construction,MANITOU BLVD&lt;br&gt; From: BRIAR HILL AVE&lt;br&gt; To: RIDELLE AVE ,Installation of new sidewalks where none existed before.,Q3 2025 - Q4 2025,Active,None,Transportation Services,"Lucas Da Costa, Engineering and Construction Services",ldacost@toronto.ca,https://www.toronto.ca/services-payments/streets-parking-transportation/walking-in-toronto/,TS_Sidewalk,12,2025,EXTERNAL,"{""type"":""LineString"",""coordinates"":[[-79.4285835799934,43.7067692746395],[-79.4288966348433,43.7075172324091]]}"
47,12869,None,2023-06-13,Sidewalk Construction,WARWICK AVE&lt;br&gt; From: CHILTERN HILL RD&lt;br&gt; To: GLEN CEDAR RD ,Installation of new sidewalks where none existed before.,Q3 2026 - Q2 2027,Active,None,Transportation Services,"Matthew McAinsh, Engineering and Construction Services",mmcains@toronto.ca,https://www.toronto.ca/services-payments/streets-parking-transportation/walking-in-toronto/,TS_Sidewalk,12,2026,EXTERNAL,"{""type"":""LineString"",""coordinates"":[[-79.4285892354231,43.6952750735947],[-79.4278234011575,43.6954145311476],[-79.427704582419,43.6954378567139],[-79.4276220571007,43.6954413771017],[-79.4275220287129,43.6954343278205],[-79.4264391924566,43.695299234249],[-79.4261812899991,43.6952725663913]]}"
48,13245,None,2024-03-08,Sidewalk Construction,HOWDEN RD&lt;br&gt; From: LAWRENCE AVE E&lt;br&gt; To: LAURA SECORD WALK ,Installation of new sidewalks where none existed before.,2027 - Q4 2027,Active,None,Transportation Services,"Marfique Ahmed, Engineering and Construction Services",mahmed2@toronto.ca,https://www.toronto.ca/services-payments/streets-parking-transportation/walking-in-toronto/,TS_Sidewalk,12,2027,EXTERNAL,"{""type"":""LineString"",""coordinates"":[[-79.291336668009,43.7550378059704],[-79.2906591752641,43.7533479970456],[-79.2898529428973,43.7513895735455],[-79.2887870947543,43.7488042273603],[-79.2879613195159,43.7468223560276]]}"
49,13246,None,2024-03-12,Sidewalk Construction,GOODERHAM DR&lt;br&gt; From: BRIAN AVE&lt;br&gt; To: MURRAY GLEN DR ,Installation of new sidewalks where none existed before.,2027 - Q4 2027,Active,None,Transportation Services,"Marfique Ahmed, Engineering and Construction Services",mahmed2@toronto.ca,https://www.toronto.ca/services-payments/streets-parking-transportation/walking-in-toronto/,TS_Sidewalk,12,2027,EXTERNAL,"{""type"":""LineString"",""coordinates"":[[-79.3034080297413,43.7467419425857],[-79.3040223032803,43.7482642380865],[-79.3049492180573,43.7505612058419],[-79.3057070922097,43.7523537532829]]}"
50,13285,None,2024-03-12,Sidewalk Construction,ELINOR AVE&lt;br&gt; From: LAWRENCE AVE E&lt;br&gt; To: MURRAY GLEN DR ,Installation of new sidewalks where none existed before.,2027 - Q4 2027,Active,None,Transportation Services,"Marfique Ahmed, Engineering and Construction Services",mahmed2@toronto.ca,https://www.toronto.ca/services-payments/streets-parking-transportation/walking-in-toronto/,TS_Sidewalk,12,2027,EXTERNAL,"{""type"":""LineString"",""coordinates"":[[-79.3005547768381,43.7440996084112],[-79.3013244866309,43.7460002328557],[-79.3017732132389,43.7471081873969],[-79.302458218838,43.7488286349214],[-79.3030131656248,43.7502338198262],[-79.3034942119538,43.7514588533867],[-79.3039453742948,43.7525847887324],[-79.3043033607017,43.753476514391],[-79.3045541502781,43.7540497633881]]}"
51,13347,None,2025-09-17,Sidewalk Construction,PASSMORE AVE&lt;br&gt; From: MIDDLEFIELD RD&lt;br&gt; To: MARKHAM RD ,Installation of new sidewalks where none existed before.,2027,Active,None,Transportation Services,"Jessica Orjuela, Engineering and Construction Services",jorjuel@toronto.ca,https://www.toronto.ca/services-payments/streets-parking-transportation/walking-in-toronto/,TS_Sidewalk,12,2027,EXTERNAL,"{""type"":""LineString"",""coordinates"":[[-79.2507168150561,43.830549155599],[-79.2525366453572,43.8301511541555],[-79.2537078893358,43.8298841282],[-79.2562059566737,43.8293304852476],[-79.2572875554442,43.8290937944465],[-79.2586428074641,43.8287994877924],[-79.2599039614193,43.8285235663272],[-79.261207698397,43.828246545271],[-79.2618872906126,43.8281012609581],[-79.2634410075313,43.8277505624764],[-79.2651928845714,43.8273902004456]]}"
52,13351,None,2025-09-18,Sidewalk Construction,ELLESMERE RD&lt;br&gt; From: MILITARY TRL&lt;br&gt; To: CONLINS RD ,Installation of new sidewalks where none existed before.,Q2 2027 - Q4 2028,Active,None,Transportation Services,"Shams Khan, Engineering and Construction Services",skhan5@toronto.ca,https://www.toronto.ca/services-payments/streets-parking-transportation/walking-in-toronto/,TS_Sidewalk,12,2027,EXTERNAL,"{""type"":""LineString"",""coordinates"":[[-79.188310595282,43.786578490956],[-79.1881016157444,43.7866321311154],[-79.1853261671973,43.7873444983475],[-79.1849936958609,43.7874260320171],[-79.1832570876479,43.7878518856098]]}"
53,13418,None,2025-07-11,Sidewalk Construction,QUEEN ELIZABETH BLVD&lt;br&gt; From: PLASTICS AVENUE&lt;br&gt; To: CANMOTOR AVENUE(NORTH LEG) ,Installation of new sidewalks where none existed before.,Q3 2026 - Q3 2027,Active,None,Transportation Services,"Nicholas Mah, Engineering and Construction Services",nmah@toronto.ca,https://www.toronto.ca/services-payments/streets-parking-transportation/walking-in-toronto/,TS_Sidewalk,12,2026,EXTERNAL,"{""type"":""LineString"",""coordinates"":[[-79.511436969647,43.6236306790489],[-79.5123754563584,43.6234171796277],[-79.5124218206509,43.6234032863331],[-79.5125609765848,43.6233615613223],[-79.5126288101257,43.6233273233097],[-79.5126600556551,43.6232997503533],[-79.5127067126589,43.6232585304477],[-79.5127345171743,43.6231841361487],[-79.5127314291368,43.623095064896],[-79.5127198820854,43.6230366155614],[-79.5125764302078,43.6226699961131],[-79.5125415420439,43.6225485079798],[-79.5125368398686,43.6224478349775],[-79.5125470483571,43.6223629839086],[-79.5126016104699,43.6222467337542],[-79.5128157886533,43.6220136095358],[-79.5129053071663,43.6218943803404],[-79.5129642841548,43.6217029542579],[-79.5129525632846,43.6215272517268],[-79.5128860912137,43.6213816974857],[-79.5127903514855,43.6212174982648],[-79.5127254676382,43.6211613169201],[-79.5126262010587,43.6211211699473],[-79.5125856955201,43.6211110406292],[-79.5122988421262,43.621098267347],[-79.512187063814,43.6211063553806],[-79.5120476160102,43.6211074512303],[-79.5117278712598,43.6211414440896],[-79.5115732591841,43.6211650507351],[-79.5104959110868,43.6213926562924],[-79.5086603410743,43.6217266767635],[-79.5086570155207,43.6217273728241]]}"
54,13519,None,2025-10-28,Sidewalk Construction,WESTSIDE DR&lt;br&gt; From: THE WEST MALL&lt;br&gt; To: [300 m S] THE WEST MALL ,Installation of new sidewalks where none existed before.,Q3 2027 - Q4 2028,Active,None,Transportation Services,"Adriana Gomez, Engineering and Construction Services",AGOMEZ4@toronto.ca,https://www.toronto.ca/services-payments/streets-parking-transportation/walking-in-toronto/,TS_Sidewalk,12,2026,EXTERNAL,"{""type"":""LineString"",""coordinates"":[[-79.563603489938,43.6190131331591],[-79.5635829218135,43.6189644010616],[-79.5635512638389,43.6188184850922],[-79.5635431880623,43.6186267730273],[-79.5635705678914,43.6184436474947],[-79.5635822375292,43.6183091383118],[-79.5636253016292,43.6180544599082],[-79.5636447908434,43.6178570111825],[-79.563620988626,43.6177053776336],[-79.5635340313081,43.6174107197341],[-79.5635206300727,43.617310243505],[-79.5657476618787,43.616804970045]]}"
55,15186,None,2026-04-15,Sidewalk Construction,WEST HILL DR&lt;br&gt; From: LAWRENCE AVE E&lt;br&gt; To: OLD KINGSTON RD ,Installation of new sidewalks where none existed before.,Q2 2026 - Q4 2026,Active,None,Transportation Services,"Niloufar Mohajerani, Engineering and Construction Services",nmohaje@toronto.ca,https://www.toronto.ca/services-payments/streets-parking-transportation/walking-in-toronto/,TS_Sidewalk,12,2026,EXTERNAL,"{""type"":""LineString"",""coordinates"":[[-79.1823881045899,43.7753693323419],[-79.1822736573073,43.775306049348],[-79.1821909208503,43.7752668947115],[-79.1820572966563,43.7751934867787],[-79.1819312009984,43.7750872094093],[-79.1818060383284,43.7749831100762],[-79.1817180624308,43.7749199236184],[-79.181732611864,43.7743237309828],[-79.1817311989885,43.7741872694738],[-79.180921252663,43.7722488443744],[-79.1809162640829,43.7722371685415],[-79.1798927774532,43.7698408574246]]}"
56,15635,None,2022-08-04,Sidewalk Construction,PARKLAND RD&lt;br&gt; From: BLANTYRE AVE&lt;br&gt; To: CLONMORE DR ,Installation of new sidewalks where none existed before.,Q3 2025 - Q4 2025,Active,None,Transportation Services,"Christy Manoharan, Engineering and Construction Services",cmanoha@toronto.ca,https://www.toronto.ca/services-payments/streets-parking-transportation/walking-in-toronto/,TS_Sidewalk,12,2025,EXTERNAL,"{""type"":""LineString"",""coordinates"":[[-79.2830072396211,43.6851505325218],[-79.2818740225923,43.6852538529882],[-79.2816919232968,43.6852675923979],[-79.2814203506652,43.6852998291654],[-79.2812592420322,43.6853125278653],[-79.2809782716837,43.6853025474902],[-79.28082407594,43.6852766432322],[-79.2806628137198,43.6852259446199],[-79.2804314818408,43.6851416173597],[-79.2802839936408,43.6850962824415],[-79.2801359134896,43.685053466559]]}"
57,15742,None,2023-08-02,Sidewalk Construction,"WESTGATE BLVD&lt;br&gt; From: ARMOUR BLVD
&lt;br&gt; To: [85.06 m N/E] WESTGATE CRES ",Installation of new sidewalks where none existed before.,Q1 2023 - Q3 2026 (Carry-Over),Active,None,Transportation Services,"Thomas Burgwin, Engineering and Construction Services",tburgwi@toronto.ca,https://www.toronto.ca/services-payments/streets-parking-transportation/walking-in-toronto/,TS_Sidewalk,12,2023,EXTERNAL,"{""type"":""LineString"",""coordinates"":[[-79.4311409949913,43.7433277791414],[-79.4310868758452,43.7434438504837],[-79.4310510402463,43.7435207091397],[-79.4309463908845,43.743738437528],[-79.4308424034429,43.7439057585191],[-79.4307304079481,43.7440616520186],[-79.4305401469878,43.7443314046135],[-79.4303838639876,43.7445179082656]]}"
58,15757,None,2023-07-11,Sidewalk Construction,DOVER AVE&lt;br&gt; From: LLOYD GEORGE AVE&lt;br&gt; To: BROWN&apos;S LINE ,Installation of new sidewalks where none existed before.,Q2 2026 - Q4 2026,Active,None,Transportation Services,"Nicholas Mah, Engineering and Construction Services",nmah@toronto.ca,https://www.toronto.ca/services-payments/streets-parking-transportation/walking-in-toronto/,TS_Sidewalk,12,2026,EXTERNAL,"{""type"":""LineString"",""coordinates"":[[-79.5445517101717,43.595319512755],[-79.5430568545606,43.5956595238175],[-79.5429486575409,43.5956784261486],[-79.5425605950632,43.5957686235557]]}"
59,15909,None,2023-06-26,Sidewalk Construction,DALEENA DR&lt;br&gt; From: ROYAL DOULTON DR&lt;br&gt; To: BEVERIDGE DR ,Installation of new sidewalks where none existed before.,2027 - Q4 2027,Active,None,Transportation Services,"Marfique Ahmed, Engineering and Construction Services",mahmed2@toronto.ca,https://www.toronto.ca/services-payments/streets-parking-transportation/walking-in-toronto/,TS_Sidewalk,12,2027,EXTERNAL,"{""type"":""LineString"",""coordinates"":[[-79.3237563663932,43.7482576115614],[-79.323587326766,43.7478668047044],[-79.3234790004852,43.7476436190924],[-79.3234661893618,43.7476164687726],[-79.3234414472604,43.7475643567808],[-79.3234268458387,43.7475088588936],[-79.3234385573292,43.7474572631709],[-79.323478530544,43.7474342530209],[-79.3235292171006,43.747429290614],[-79.3235757760808,43.7474383825973],[-79.3236176666263,43.7474520651736],[-79.3236612077124,43.7474618185542],[-79.3242366101532,43.747338690714],[-79.3243237602287,43.7473222606765],[-79.3244225529545,43.7473021048561],[-79.3245198560899,43.7472703162048],[-79.3245661724776,43.7472387651662],[-79.3245926888067,43.7472150867836],[-79.3246075440917,43.7471831363951],[-79.324713814493,43.7468848626137]]}"
60,15985, ,2023-06-13,Sidewalk Construction,SELECT AVE&lt;br&gt; From: STATE CROWN BLVD&lt;br&gt; To: MARKHAM AVE ,Installation of new sidewalks where none existed before.,Q2 2026 - Q4 2026,Active,None,Transportation Services,"Marfique Ahmed, Engineering and Construction Services",mahmed2@toronto.ca,https://www.toronto.ca/services-payments/streets-parking-transportation/walking-in-toronto/,TS_Sidewalk,12,2026,EXTERNAL,"{""type"":""LineString"",""coordinates"":[[-79.259713822926,43.8310987638071],[-79.2580804545213,43.8314802929089],[-79.2562905115684,43.8319062208792],[-79.2560869933393,43.8319444039967],[-79.2558789041342,43.832020705523],[-79.2557814097687,43.8320688797817],[-79.2554655331246,43.8323124456863],[-79.2553528776427,43.8324100750191],[-79.2552984481649,43.8324478547954],[-79.2552429214453,43.8324924451054],[-79.2551800748308,43.8325360754956],[-79.2550986047273,43.8325847425476],[-79.2550134714354,43.8326324826793],[-79.2549264220077,43.8326680410911],[-79.2547377935225,43.8327102952091],[-79.2541920958099,43.832841032582],[-79.2523081510969,43.8332508926684],[-79.2519955254912,43.8333281324326],[-79.2518269739519,43.8333647816368],[-79.251663751912,43.8333872564892],[-79.2513524860192,43.8334181509463],[-79.2510205671433,43.8334518348995]]}"
61,15986,TS2023-21-067,2023-06-13,Sidewalk Construction,WEXFORD BLVD&lt;br&gt; From: LAWRENCE AVE E&lt;br&gt; To: [330 m S] SURREY AVE ,Installation of new sidewalks where none existed before.,2027 - Q4 2027,Active,None,Transportation Services,"Marfique Ahmed, Engineering and Construction Services",mahmed2@toronto.ca,https://www.toronto.ca/services-payments/streets-parking-transportation/walking-in-toronto/,TS_Sidewalk,12,2027,EXTERNAL,"{""type"":""LineString"",""coordinates"":[[-79.2977707665581,43.7351743271742],[-79.2984234616856,43.7367507212148],[-79.2989760800623,43.7381019109363],[-79.3000890968134,43.7408223028556],[-79.3002676359953,43.7412726856569],[-79.300988990727,43.7430292183928],[-79.301354655246,43.743920969934]]}"
62,16224, ,2024-01-02,Sidewalk Construction,[N-S] HILLSIDE DR [LEG]&lt;br&gt; From: GAMBLE AVE&lt;br&gt; To: [85 m S] GAMBLE AVE [END] ,Installation of new sidewalks where none existed before.,Q2 2019 - Q3 2027,Active,None,Transportation Services,"Christy Manoharan, Engineering and Construction Services",cmanoha@toronto.ca,https://www.toronto.ca/services-payments/streets-parking-transportation/walking-in-toronto/,TS_Sidewalk,12,2025,EXTERNAL,"{""type"":""LineString"",""coordinates"":[[-79.3562022750222,43.6884311460419],[-79.3561617189354,43.6885266411123],[-79.3561387779063,43.6886482252004],[-79.3561387539168,43.6887106815864],[-79.3561366142216,43.6887916149763],[-79.356143979534,43.6889028749024],[-79.3561610067079,43.688978331716],[-79.3561978341166,43.6891046239681]]}"
63,16424,None,2024-03-06,Sidewalk Construction,CALDOW RD&lt;br&gt; From: BRIAR HILL AVE&lt;br&gt; To: HILLHURST BLVD ,Installation of new sidewalks where none existed before.,Q2 2027 - Q4 2027,Active,None,Transportation Services,"Christy Manoharan, Engineering and Construction Services",cmanoha@toronto.ca,https://www.toronto.ca/services-payments/streets-parking-transportation/walking-in-toronto/,TS_Sidewalk,12,2027,EXTERNAL,"{""type"":""LineString"",""coordinates"":[[-79.4215009377642,43.7100314895236],[-79.4214962941966,43.7100211699828],[-79.4213033580991,43.7095923492737],[-79.4212879888129,43.7095410026633],[-79.4212824960997,43.7095272440441],[-79.421251946738,43.7094687120631],[-79.4212326390949,43.7094011865529],[-79.4212288606492,43.7093291720076],[-79.4212196289026,43.7092616624379],[-79.4211906820495,43.7091536137669]]}"
64,16505,None,2024-06-26,Sidewalk Construction,RADWAY AVE&lt;br&gt; From: NEILSON DR&lt;br&gt; To: [50M E] KOOS RD ,Installation of new sidewalks where none existed before.,Q4 2026 - Q1 2029,Active,None,Transportation Services,"Shailaja Patel, Engineering and Construction Services",spatelz@toronto.ca,https://www.toronto.ca/services-payments/streets-parking-transportation/walking-in-toronto/,TS_Sidewalk,12,2026,EXTERNAL,"{""type"":""LineString"",""coordinates"":[[-79.5663066210757,43.6321983695096],[-79.566203118454,43.6322229015741],[-79.5650136412942,43.6325048218381],[-79.5643303524997,43.6326545090278]]}"
65,16706,None,2024-04-24,Sidewalk Construction,BAYVIEW AVE&lt;br&gt; From: [285 m N] RIVER ST E BAYVIEW RAMP&lt;br&gt; To: RIVER ST E BAYVIEW RAMP ,Installation of new sidewalks where none existed before.,2025,Active,None,Transportation Services,"Manuel Laorden, ",mlaorde@toronto.ca,https://www.toronto.ca/services-payments/streets-parking-transportation/walking-in-toronto/,TS_Sidewalk,12,2025,EXTERNAL,"{""type"":""LineString"",""coordinates"":[[-79.3547172713122,43.6576693810537],[-79.3547829189758,43.657778443791],[-79.354892743582,43.658011656057],[-79.3549594042257,43.6581647644664],[-79.355025293713,43.6583133711812],[-79.3550904164078,43.6584664793559],[-79.355153194932,43.6586195845193],[-79.3552359340552,43.6588582295162],[-79.3552873894237,43.6590518263136],[-79.3553172672679,43.6592003881436],[-79.3553471344535,43.6593534506213],[-79.3553854854777,43.6595155260658],[-79.35543122333,43.659673109262],[-79.3554654711436,43.6597766698385],[-79.3555031869295,43.6598802329863],[-79.3555436292716,43.6599837995653],[-79.3555886867255,43.6601384806926]]}"
66,16808,None,2024-03-12,Sidewalk Construction,DEWEY DR&lt;br&gt; From: ELLESMERE RD&lt;br&gt; To: [85M E] ARCHWOOD CRES ,Installation of new sidewalks where none existed before.,2027 - Q4 2027,Active,None,Transportation Services,"Marfique Ahmed, Engineering and Construction Services",mahmed2@toronto.ca,https://www.toronto.ca/services-payments/streets-parking-transportation/walking-in-toronto/,TS_Sidewalk,12,2027,EXTERNAL,"{""type"":""LineString"",""coordinates"":[[-79.3044029829992,43.7602282277622],[-79.3042512039302,43.7598748046049],[-79.3042021898668,43.7597592525379],[-79.3041730738463,43.7596421773359],[-79.3041756128797,43.7595791724822],[-79.3042493618817,43.7593362640766],[-79.3042491353155,43.7593143358977],[-79.3042481761093,43.7592192448175],[-79.3042484976706,43.7591202314116],[-79.3042316663969,43.7590481921874],[-79.3042024220468,43.7589671296087],[-79.3041347311316,43.7587779859939],[-79.3037599676761,43.7577871890446],[-79.3037300146761,43.7576881308332],[-79.3037085005356,43.7576250756607],[-79.3037017148527,43.7575620538807],[-79.3036995397111,43.7575170432973],[-79.3037082196426,43.7574720504563],[-79.303731680951,43.757418091709],[-79.3037893839932,43.7573371683713],[-79.3041146107902,43.7568606622345],[-79.3043626589715,43.7564830262574],[-79.3044577774639,43.756348170258]]}"
67,17057,None,2025-04-16,Sidewalk Construction,BRISBANE RD&lt;br&gt; From: ALNESS ST&lt;br&gt; To: MARTIN ROSS AVE ,Installation of new sidewalks where none existed before.,Q1 2027 - Q3 2027,Active,None,Transportation Services,"Matthew McAinsh, Engineering and Construction Services",mmcains@toronto.ca,https://www.toronto.ca/services-payments/streets-parking-transportation/walking-in-toronto/,TS_Sidewalk,12,2027,EXTERNAL,"{""type"":""LineString"",""coordinates"":[[-79.4725063156056,43.772211499733],[-79.4754194547229,43.7715771686835],[-79.4754878935691,43.7715594042712],[-79.4755448560339,43.7715418182865],[-79.4755845460146,43.7715341127694],[-79.4756225311481,43.7715340038621],[-79.4756563887605,43.7715396278083],[-79.4756952059292,43.7715645801109],[-79.4757299663182,43.7716108643107],[-79.4757627178708,43.771694855773],[-79.476552909068,43.7735583929028]]}"
68,17197,None,2025-04-07,Sidewalk Construction,BEECHGROVE DR&lt;br&gt; From: COPERFIELD RD&lt;br&gt; To: [320 m E] MINUK ACRES ,Installation of new sidewalks where none existed before.,2025,Active,None,Transportation Services,"Ivy Xu, Engineering and Construction Services",ixu@toronto.ca,https://www.toronto.ca/services-payments/streets-parking-transportation/walking-in-toronto/,TS_Sidewalk,12,2025,EXTERNAL,"{""type"":""LineString"",""coordinates"":[[-79.1539548570558,43.7669912975387],[-79.1531260106917,43.7670992132173],[-79.1530996817688,43.7670901339392],[-79.1530331177933,43.7670539317117],[-79.1530030029045,43.7670268385791],[-79.152975994385,43.76699975397],[-79.1529498488565,43.7669546696356],[-79.1529044688417,43.7668825233752],[-79.1526678149104,43.7663237391001],[-79.152520745767,43.7659812484825],[-79.1523644302842,43.7656297220601],[-79.1521046541449,43.7650438446491],[-79.1520605941989,43.7649378684403],[-79.1519285612788,43.7646202515885],[-79.1515654052069,43.7637909992628]]}"
69,17207,None,2025-01-31,Sidewalk Construction,MORNINGSIDE AVE&lt;br&gt; From: PAN AM DR&lt;br&gt; To: [200 m S] HWY 401 ,Installation of new sidewalks where none existed before.,Q3 2026 - Q3 2027,Active,None,Transportation Services,"Promil Sarkar, Engineering and Construction Services",psarkar@toronto.ca,https://www.toronto.ca/services-payments/streets-parking-transportation/walking-in-toronto/,TS_Sidewalk,12,2026,EXTERNAL,"{""type"":""LineString"",""coordinates"":[[-79.1955460025577,43.7920445605851],[-79.1958756837618,43.7928112266656],[-79.1960583313365,43.7933050473812],[-79.1962780083723,43.7938989174089],[-79.1963279318203,43.7941617201031]]}"
70,17361,None,2025-04-03,Sidewalk Construction,DEL RIA DR&lt;br&gt; From: CULFORD RD&lt;br&gt; To: GRACEFIELD AVE ,Installation of new sidewalks where none existed before.,Q2 2027 - Q4 2027,Active,None,Transportation Services,"Christy Manoharan, Engineering and Construction Services",cmanoha@toronto.ca,https://www.toronto.ca/services-payments/streets-parking-transportation/walking-in-toronto/,TS_Sidewalk,12,2027,EXTERNAL,"{""type"":""LineString"",""coordinates"":[[-79.4890942292219,43.7091179979801],[-79.4863218600817,43.7097080804153],[-79.4840041203335,43.7102389236369],[-79.4839192016712,43.7102564758934],[-79.4838547793656,43.710285488696]]}"
71,17567,None,2025-04-07,Sidewalk Construction,VANDERHOOF AVE&lt;br&gt; From: LESLIE ST&lt;br&gt; To: GLASSWORKS DR ,Installation of new sidewalks where none existed before.,Q1 2026 - Q4 2026,Active,None,Transportation Services,"Nicholas Mah, Engineering and Construction Services",nmah@toronto.ca,https://www.toronto.ca/services-payments/streets-parking-transportation/walking-in-toronto/,TS_Sidewalk,12,2025,EXTERNAL,"{""type"":""LineString"",""coordinates"":[[-79.3536158644629,43.7140678638025],[-79.3532582778278,43.7141414226535],[-79.3532016113333,43.7141638548401],[-79.3528710292636,43.7142309644497],[-79.3525994957539,43.7142666241542],[-79.3523431504054,43.7142663049998],[-79.3520884474027,43.7142344847896],[-79.3518454168724,43.7141846757234],[-79.3515973940923,43.7141168589406],[-79.3513924529917,43.7140355930485],[-79.3511517656685,43.7138979917686],[-79.3509906227379,43.7135985367344]]}"
72,17671,None,2025-07-11,Sidewalk Construction,QUEEN ELIZABETH BLVD&lt;br&gt; From: 10 QUEEN ELIZABETH STREET&lt;br&gt; To: TAYMALL AVENUE ,Installation of new sidewalks where none existed before.,Q3 2026 - Q3 2027,Active,None,Transportation Services,"Nicholas Mah, Engineering and Construction Services",nmah@toronto.ca,https://www.toronto.ca/services-payments/streets-parking-transportation/walking-in-toronto/,TS_Sidewalk,12,2026,EXTERNAL,"{""type"":""LineString"",""coordinates"":[[-79.5059383076482,43.6222961012901],[-79.5024931686164,43.6230238542183],[-79.5023476768618,43.6230885242889]]}"
73,17702,None,2025-04-16,Sidewalk Construction,SAGE AVE&lt;br&gt; From: JOYCE PKWY&lt;br&gt; To: LAWRENCE AVE W ,Installation of new sidewalks where none existed before.,2026 - 2027,Active,None,Transportation Services,"Matthew McAinsh, Engineering and Construction Services",mmcains@toronto.ca,https://www.toronto.ca/services-payments/streets-parking-transportation/walking-in-toronto/,TS_Sidewalk,12,2026,EXTERNAL,"{""type"":""LineString"",""coordinates"":[[-79.4625947569956,43.7098046450034],[-79.4626708303089,43.7099966173932],[-79.4627513610377,43.710217183702],[-79.4628083597862,43.7104061136418],[-79.4628243938074,43.7104615792597],[-79.4628527450786,43.7105811612964],[-79.462881029543,43.7107146736609],[-79.4629214656577,43.7109055433216],[-79.4629607055443,43.7110907759817],[-79.4629885186421,43.7112187262733],[-79.4630125597394,43.7113281093258],[-79.4630771189555,43.7116218432634],[-79.4631256424246,43.7118426059313],[-79.4631579026254,43.7119864754342],[-79.4631723631813,43.7120572939364],[-79.4631856247728,43.7121021875103],[-79.4632332271306,43.7122435955796]]}"
74,18327, ,2026-03-26,Sidewalk Construction,FALSTAFF AVE&lt;br&gt; From: CULFORD RD&lt;br&gt; To: SPRINGVIEW AVE ,Installation of new sidewalks where none existed before.,Q3 2026 - Q1 2027,Active,None,Transportation Services,"Javier Saborio, Engineering and Construction Services",jsabori@toronto.ca,https://www.toronto.ca/services-payments/streets-parking-transportation/walking-in-toronto/,TS_Sidewalk,12,2026,EXTERNAL,"{""type"":""LineString"",""coordinates"":[[-79.5022724651597,43.7165328743477],[-79.4998687301656,43.7170656443174],[-79.4986784750708,43.7173091297212],[-79.4972266192648,43.7176314467667],[-79.4946051889059,43.7182002899978],[-79.4943499012687,43.7182340305664],[-79.4942302861398,43.7182594288304],[-79.4941278386159,43.71828272876],[-79.4940066992528,43.7183084138515],[-79.4939046628006,43.7183150063749],[-79.4938078241063,43.7183312952397],[-79.4937212368097,43.718344397242],[-79.4936060920754,43.7183641855164],[-79.493506300856,43.7183679883212],[-79.4934013211204,43.7183799008692],[-79.4932650447277,43.7183776795125],[-79.4931394540719,43.7183733973481],[-79.4930891574893,43.7183652931898],[-79.4930272563753,43.7183523096225],[-79.492967825453,43.7183459600977],[-79.4929027986561,43.7183288356937],[-79.4928225189824,43.7183146627073],[-79.4927508904161,43.7182928562499],[-79.4926521198474,43.718272749243],[-79.4925816935591,43.7182543011247],[-79.4924846594437,43.7182433222573],[-79.49237889024,43.7182174357487],[-79.4922847845431,43.7182011632693],[-79.4921530892764,43.7181802623936],[-79.4920562550247,43.7181609741184],[-79.49198644693,43.7181530661445],[-79.4919042317814,43.718138045359],[-79.4917856528209,43.7181217446288]]}"
75,19388,None,2024-01-23,Sidewalk Construction,WALES AVE&lt;br&gt; From: [50M W] AUGUSTA AVE&lt;br&gt; To: DENISON AVE ,Installation of new sidewalks where none existed before.,Q2 2027 - Q4 2028,Active,None,Transportation Services,"Steven Bertolo, Engineering and Construction Services",sbertol@toronto.ca,https://www.toronto.ca/services-payments/streets-parking-transportation/walking-in-toronto/,TS_Sidewalk,12,2027,EXTERNAL,"{""type"":""LineString"",""coordinates"":[[-79.4021891088231,43.6532163546483],[-79.4022829238846,43.6531966228955],[-79.4026878065616,43.6531114634911],[-79.4028213046606,43.6530977428707]]}"
76,20054, ,2024-06-26,Sidewalk Construction,PARLETTE AVE&lt;br&gt; From: RAVINE PARK CRES&lt;br&gt; To: PARLETTE AVE [END] ,Installation of new sidewalks where none existed before.,Q3 2025 - Q4 2025,Active,None,Transportation Services,"Christy Manoharan, Engineering and Construction Services",cmanoha@toronto.ca,https://www.toronto.ca/services-payments/streets-parking-transportation/walking-in-toronto/,TS_Sidewalk,12,2025,EXTERNAL,"{""type"":""LineString"",""coordinates"":[[-79.1391477437205,43.7881904168755],[-79.1390979174309,43.7880699629703],[-79.1389054552179,43.787604686713],[-79.138557019888,43.7867623642553],[-79.1384580358557,43.7865230781665],[-79.1383379959646,43.7861880819569],[-79.1383393103558,43.7861881032183]]}"
77,20459,None,2025-04-16,Sidewalk Construction,CHAPLIN CRESCENT &lt;br&gt; From: ST CLEMENTS AVE&lt;br&gt; To: BRIAR HILL AVE ,Installation of new sidewalks where none existed before.,Q1 2028 - Q4 2032,Active,None,Transportation Services,"Anthony Shang, Engineering and Construction Services",ashang@toronto.ca,https://www.toronto.ca/services-payments/streets-parking-transportation/walking-in-toronto/,TS_Sidewalk,12,2025,EXTERNAL,"{""type"":""LineString"",""coordinates"":[[-79.4255037255198,43.7073787886689],[-79.4255489886246,43.7074418306553],[-79.425594841861,43.7075083664003],[-79.4256398078597,43.7075710030988],[-79.425681842326,43.7076362761452],[-79.425718254228,43.7077018965714],[-79.4257500855986,43.7077700793718],[-79.4257802649635,43.7078386850498],[-79.4258106811446,43.7079064897597],[-79.4258414315776,43.707974978774],[-79.4258651330551,43.7080453174693],[-79.4259110517876,43.7081802240667]]}"
78,20470,None,2025-06-10,Sidewalk Construction,ALBRIGHT AVE&lt;br&gt; From: FOCH AVE&lt;br&gt; To: SUNSET AVE ,Installation of new sidewalks where none existed before.,Q4 2026 - Q1 2031,Active,None,Transportation Services,"Shailaja Patel, Engineering and Construction Services",spatelz@toronto.ca,https://www.toronto.ca/services-payments/streets-parking-transportation/walking-in-toronto/,TS_Sidewalk,12,2026,EXTERNAL,"{""type"":""LineString"",""coordinates"":[[-79.5496921738215,43.5970175071547],[-79.5495768998948,43.5970537061061],[-79.5494843735706,43.5970827623519],[-79.5481067030705,43.5973842902768],[-79.5469216237026,43.5976659312271]]}"
79,20513,None,2025-06-06,Sidewalk Construction,GALLOWAY RD&lt;br&gt; From: GUILDWOOD PKWY&lt;br&gt; To: DEARHAM WOOD ,Installation of new sidewalks where none existed before.,2025,Active,None,Transportation Services, Cycling Infrastructure Program,cycling@toronto.ca,https://www.toronto.ca/services-payments/streets-parking-transportation/walking-in-toronto/,TS_Sidewalk,12,2025,EXTERNAL,"{""type"":""LineString"",""coordinates"":[[-79.1907465532209,43.7527861921227],[-79.1901616984556,43.7514309113435],[-79.1897957526477,43.7505828530763],[-79.1894018648505,43.7496700178734],[-79.1893985764694,43.7496624029247]]}"
80,20561,None,2025-10-14,Sidewalk Construction,HIGHLAND AVE&lt;br&gt; From: [110 m E] ROXBOROUGH DR&lt;br&gt; To: [143 m E] ROXBOROUGH DR ,Installation of new sidewalks where none existed before.,Q3 2025 - Q4 2026,Active,None,Transportation Services,"Jessica Orjuela, Engineering and Construction Services",jorjuel@toronto.ca,https://www.toronto.ca/services-payments/streets-parking-transportation/walking-in-toronto/,TS_Sidewalk,12,2025,EXTERNAL,"{""type"":""LineString"",""coordinates"":[[-79.3785873529598,43.6816996171484],[-79.378674570638,43.6816997097522],[-79.378775398438,43.681709502134],[-79.3788402478064,43.6817315430874],[-79.3788968526733,43.6817759165231],[-79.3789086516673,43.6817894786957]]}"
81,20567,TS2023-24_25-325; 14-04-44-02,2025-09-18,Sidewalk Construction,ELLESMERE RD&lt;br&gt; From: [30 m E] SCARBORO AVE&lt;br&gt; To: [60 m W] MEADOWVALE RD ,Installation of new sidewalks where none existed before.,Q2 2027 - Q4 2028,Active,None,Transportation Services,"Shams Khan, Engineering and Construction Services",skhan5@toronto.ca,https://www.toronto.ca/services-payments/streets-parking-transportation/walking-in-toronto/,TS_Sidewalk,12,2027,EXTERNAL,"{""type"":""LineString"",""coordinates"":[[-79.1695565562609,43.7910471473124],[-79.1691474547248,43.7911416269003],[-79.1686448900106,43.7912678403145],[-79.1683176089504,43.7913406498598],[-79.1678676737115,43.7914535783854],[-79.1675881102027,43.7915239330715],[-79.1673359464246,43.7915870300057],[-79.1671327083219,43.7916380372497],[-79.1669118642014,43.791693461884],[-79.1667276247241,43.7917396982679],[-79.1644671775113,43.7922738030653]]}"
82,20744, ,2023-10-11,Sidewalk Construction,TINDER CRES&lt;br&gt; From: SLOANE AVE&lt;br&gt; To: SLOANE AVE ,Installation of new sidewalks where none existed before.,Q4 2026 - Q4 2027,Active,None,Transportation Services,"Ehsan Movahedi, Engineering and Construction Services",emovahe@toronto.ca,https://www.toronto.ca/services-payments/streets-parking-transportation/walking-in-toronto/,TS_Sidewalk,12,2026,EXTERNAL,"{""type"":""LineString"",""coordinates"":[[-79.3106938923355,43.7278960129743],[-79.3106331520698,43.7278419049413],[-79.3106157272894,43.7278328748354],[-79.3105607530939,43.7277967787902],[-79.3105061607299,43.7277651848698],[-79.3104403523978,43.7277245701862],[-79.3103543461301,43.727688422573],[-79.3102691089802,43.72765677769],[-79.310172186449,43.7276386151927],[-79.3100718027252,43.7276159462436],[-79.3099749075372,43.7275887814872],[-79.3098466245724,43.7275570647177],[-79.3097063017062,43.7275253367615],[-79.309598915954,43.7275071473565],[-79.3094876867203,43.7274754576899],[-79.3093791486054,43.7274527745402],[-79.3092659261377,43.7274390838079],[-79.3091918796064,43.7274254592679],[-79.3091469680612,43.7273983805751],[-79.3091261272216,43.7273668405441],[-79.3091246347227,43.7273443349585],[-79.3091375859253,43.7272993494983],[-79.3091758167338,43.727231903149],[-79.309208954006,43.7271779591418],[-79.3092207116567,43.7271374722975],[-79.3092585289538,43.7270790174649],[-79.3093084326184,43.7269980886902],[-79.3093645708246,43.7269081681527],[-79.3094156552234,43.7268227406789],[-79.3094589266336,43.7267508011144],[-79.309501743086,43.7267013647703],[-79.3095697382841,43.7266654722186],[-79.3096725664819,43.7266521416291],[-79.3097908795694,43.7266523385741],[-79.3099269306167,43.7266840683287],[-79.3100807488654,43.7267338308206],[-79.3101923729643,43.7267655295709],[-79.3103202425097,43.7268062384076],[-79.3104570495512,43.7268424703042],[-79.3105822548496,43.7268696806732],[-79.3107244574883,43.7269194230478],[-79.3108522834598,43.7269781426933],[-79.310965735764,43.7270413381436],[-79.3110705933076,43.7271225217503],[-79.3111727298425,43.7272082103846],[-79.3112454863612,43.7272623280793],[-79.3113147109902,43.7273344603743],[-79.3113668722426,43.7273975551296],[-79.3114205980596,43.7274561419217]]}"
83,20745,None,2023-06-13,Sidewalk Construction,ROSEMARIE DR&lt;br&gt; From: TOWER DR&lt;br&gt; To: MANHATTAN DR ,Installation of new sidewalks where none existed before.,Q2 2026 - Q4 2026,Active,None,Transportation Services,"Marfique Ahmed, Engineering and Construction Services",mahmed2@toronto.ca,https://www.toronto.ca/services-payments/streets-parking-transportation/walking-in-toronto/,TS_Sidewalk,12,2026,EXTERNAL,"{""type"":""LineString"",""coordinates"":[[-79.3003778775593,43.7492120938682],[-79.3003168661633,43.7492186931915],[-79.2998864471425,43.749265248945],[-79.2993834463411,43.7493003809959],[-79.2988836218805,43.7493175122169]]}"
84,20926,None,2023-07-06,Sidewalk Construction,CANADIAN RD&lt;br&gt; From: BIRCHMOUNT RD&lt;br&gt; To: [100M W] PRINCIPAL RD ,Installation of new sidewalks where none existed before.,2027 - Q4 2027,Active,None,Transportation Services,"Marfique Ahmed, Engineering and Construction Services",mahmed2@toronto.ca,https://www.toronto.ca/services-payments/streets-parking-transportation/walking-in-toronto/,TS_Sidewalk,12,2027,EXTERNAL,"{""type"":""LineString"",""coordinates"":[[-79.2906804735867,43.7613299200511],[-79.2909441933756,43.7612569827649],[-79.2927053402718,43.7608370997127],[-79.2938387394268,43.7605691042606],[-79.2951368430871,43.7602564076648]]}"
85,20951,None,2023-11-29,Sidewalk Construction,OLD DUNDAS ST (ETBK)&lt;br&gt; From: HUMBER RIVER &lt;br&gt; To: DUNDAS ST W ,Installation of new sidewalks where none existed before.,2027,Active,None,Transportation Services,"Angela Au, Engineering and Construction Services",aau2@toronto.ca,https://www.toronto.ca/services-payments/streets-parking-transportation/walking-in-toronto/,TS_Sidewalk,12,2027,EXTERNAL,"{""type"":""LineString"",""coordinates"":[[-79.5046927672567,43.661698401766],[-79.5048588474082,43.661724838074],[-79.5051161808464,43.6617488469312],[-79.5054960117902,43.661758695673],[-79.506761969199,43.6617444218778],[-79.5068847317047,43.661754176507],[-79.5069488839807,43.6617578064676],[-79.5070213966568,43.6617811677237],[-79.5070620552244,43.6618032536154],[-79.5071121155865,43.6618435945321],[-79.5071933641746,43.6619248355713]]}"
86,20974,None,2024-03-12,Sidewalk Construction,PRINCIPAL RD &lt;br&gt; From: CANADIAN RD &lt;br&gt; To: ELLESMERE RD ,Installation of new sidewalks where none existed before.,2027 - Q4 2027,Active,None,Transportation Services,"Marfique Ahmed, Engineering and Construction Services",mahmed2@toronto.ca,https://www.toronto.ca/services-payments/streets-parking-transportation/walking-in-toronto/,TS_Sidewalk,12,2027,EXTERNAL,"{""type"":""LineString"",""coordinates"":[[-79.2947019772179,43.7625869968378],[-79.2942756171099,43.7615810880156],[-79.2938387394268,43.7605691042606]]}"
87,21447,None,2025-08-22,Sidewalk Construction,ST CLAIR AVE E&lt;br&gt; From: WOODBINE HEIGHTS BLVD&lt;br&gt; To: DENVALE RD ,Installation of new sidewalks where none existed before.,Q3 2027 - Q2 2028,Active,None,Transportation Services,"Dennis Coronel, Engineering and Construction Services",dcorone@toronto.ca,https://www.toronto.ca/services-payments/streets-parking-transportation/walking-in-toronto/,TS_Sidewalk,12,2027,EXTERNAL,"{""type"":""LineString"",""coordinates"":[[-79.3205369126003,43.7040536114289],[-79.3204969861463,43.7040490480992],[-79.3204368974403,43.7040444539847],[-79.320307336232,43.7040622520322],[-79.3200640651752,43.7041203740258],[-79.3193594647278,43.7042812793329],[-79.3184655169536,43.7044779073349]]}"
88,21549,None,2025-08-25,Sidewalk Construction,HUNTINGWOOD DR&lt;br&gt; From: COMMANDER BLVD&lt;br&gt; To: MCCOWAN RD ,Installation of new sidewalks where none existed before.,Q2 2027 - Q4 2027,Active,None,Transportation Services,"Marfique Ahmed, Engineering and Construction Services",mahmed2@toronto.ca,https://www.toronto.ca/services-payments/streets-parking-transportation/walking-in-toronto/,TS_Sidewalk,12,2027,EXTERNAL,"{""type"":""LineString"",""coordinates"":[[-79.2696266297954,43.7981120637167],[-79.268426017604,43.7978576508721],[-79.2682823887363,43.7978393620138],[-79.268171359409,43.79783014023],[-79.2679383128873,43.7978386765035],[-79.2677494985221,43.7978563024197],[-79.2659824730807,43.7980604448369],[-79.2656817758105,43.7980951797601],[-79.2653577489743,43.7981305284806],[-79.2648013945181,43.7981924044844],[-79.2646280585958,43.7982280548422],[-79.2644837018442,43.7982575223777],[-79.2642751348395,43.7983013716274],[-79.2637335878187,43.798419506592],[-79.2632421594592,43.7985267083442],[-79.2631806356445,43.7985401284696],[-79.2625727371834,43.798673895792]]}"
89,21553,None,2024-03-08,Sidewalk Construction,MILDENHALL RD&lt;br&gt; From: LAWRENCE AVE E&lt;br&gt; To: BLYTHWOOD RD ,Installation of new sidewalks where none existed before.,Q4 2027 - Q1 2030,Active,None,Transportation Services,"Harry Persaud, Engineering and Construction Services",hpersau3@toronto.ca,https://www.toronto.ca/services-payments/streets-parking-transportation/walking-in-toronto/,TS_Sidewalk,12,2027,EXTERNAL,"{""type"":""LineString"",""coordinates"":[[-79.3865424099046,43.72839676001],[-79.386156918345,43.7274497588323],[-79.3857736626135,43.7264958670832],[-79.3853886041248,43.7255219245174],[-79.3849823905845,43.7245527091598],[-79.3846013974838,43.7235922398659],[-79.3842067678901,43.7226071675237],[-79.3838624792093,43.721721433073],[-79.3835472674394,43.7208965323133],[-79.3832254686457,43.7201223674845]]}"
90,21721,None,2025-12-30,Sidewalk Construction,GERRARD ST E / CLONMORE DR&lt;br&gt; From: [33 m S] CLONMORE DR&lt;br&gt; To: [17 m N] CLONMORE DR ,Installation of new sidewalks where none existed before.,Q1 2029 - Q2 2032,Active,None,Transportation Services,"Sarmad Al-Douri, Engineering and Construction Services",saldour@toronto.ca,https://www.toronto.ca/services-payments/streets-parking-transportation/walking-in-toronto/,TS_Sidewalk,12,2027,EXTERNAL,"{""type"":""LineString"",""coordinates"":[[-79.2784543795365,43.68866471369],[-79.2782247733673,43.6887149349539],[-79.2781532794758,43.6887363858347],[-79.2780668158708,43.6887837349446],[-79.2780101177415,43.6888257392193],[-79.2779816988467,43.688868859648],[-79.2779557685261,43.6889206477518]]}"
91,21818,None,2025-04-16,Sidewalk Construction,BRIDGMAN AVE&lt;br&gt; From: KENDAL AVE&lt;br&gt; To: DARTNELL AVE ,Installation of new sidewalks where none existed before.,Q3 2026 - Q2 2027,Active,None,Transportation Services,"Lucas Da Costa, Engineering and Construction Services",ldacost@toronto.ca,https://www.toronto.ca/services-payments/streets-parking-transportation/walking-in-toronto/,TS_Sidewalk,12,2026,EXTERNAL,"{""type"":""LineString"",""coordinates"":[[-79.409860052348,43.6755042243283],[-79.4099853298663,43.6754691755888],[-79.4101707782617,43.675442985405],[-79.4105916121409,43.6753574220273],[-79.4106302613435,43.6753436631261],[-79.410668123768,43.6753168606823],[-79.4107051142233,43.6752842696951],[-79.4107367471296,43.6752433041833],[-79.4108048882861,43.6751686491046],[-79.4108521967015,43.6751444643525],[-79.4109209229413,43.6751201252478],[-79.411005042332,43.675100620995],[-79.4115365763733,43.6750145911824]]}"
92,21868,None,2023-09-12,Sidewalk Construction,"BRISBANE RD&lt;br&gt; From: ALNESS ST
&lt;br&gt; To: MARTIN ROSS AVE ",Installation of new sidewalks where none existed before.,Q1 2027 - Q3 2027,Active,None,Transportation Services,"Matthew McAinsh, Engineering and Construction Services",mmcains@toronto.ca,https://www.toronto.ca/services-payments/streets-parking-transportation/walking-in-toronto/,TS_Sidewalk,12,2027,EXTERNAL,"{""type"":""LineString"",""coordinates"":[[-79.4725063156056,43.772211499733],[-79.472002823447,43.7723237769012],[-79.4707116263077,43.7726116959331],[-79.4706567521543,43.7726264167703],[-79.4706058273619,43.7726426417919],[-79.4705522664756,43.7726642659123],[-79.4705090740953,43.7726907812176],[-79.4704788887898,43.7727167777991],[-79.4704634928792,43.7727502851692],[-79.4704540322195,43.7727860524646],[-79.4704625764089,43.7728406197515],[-79.4704771570435,43.7728938384216],[-79.4704868234473,43.7729625729331],[-79.4708942780739,43.7746282766053]]}"
93,21901, ,2026-04-15,Sidewalk Construction,ZAPH AVE&lt;br&gt; From: ELLESMERE RD&lt;br&gt; To: ZAPH AVE [END] ,Installation of new sidewalks where none existed before.,Q2 2026 - Q4 2026,Active,None,Transportation Services,"Niloufar Mohajerani, Engineering and Construction Services",nmohaje@toronto.ca,https://www.toronto.ca/services-payments/streets-parking-transportation/walking-in-toronto/,TS_Sidewalk,12,2026,EXTERNAL,"{""type"":""LineString"",""coordinates"":[[-79.1667276247241,43.7917396982679],[-79.1673313434061,43.7930808270754],[-79.1678281423517,43.7941287117041],[-79.1683264158111,43.7952195732394],[-79.1687670413371,43.7961779281127],[-79.1692238860574,43.7971715413646],[-79.1698651130894,43.7985584204752],[-79.1700845750805,43.7990340595086]]}"
94,22046,TS2023-06-428,2025-04-07,Sidewalk Construction,ALNESS ST&lt;br&gt; From: Steeles Ave W&lt;br&gt; To: Finch Ave W ,Installation of new sidewalks where none existed before.,Q3 2024 - Q4 2025 (Carry-Over),Active,None,Transportation Services,"Tazeen Fatema, Engineering and Construction Services",tfatema@toronto.ca,https://www.toronto.ca/services-payments/streets-parking-transportation/walking-in-toronto/,TS_Sidewalk,12,2024,EXTERNAL,"{""type"":""LineString"",""coordinates"":[[-79.4714806699227,43.7678264534327],[-79.471479508213,43.7680285115287],[-79.47147810856,43.768156230654],[-79.4715181505184,43.7683611847901],[-79.4715630939527,43.7685506130984],[-79.4715923297089,43.7686726618907],[-79.4716362386559,43.7688442945819],[-79.471680143365,43.7690543991664],[-79.4717337655238,43.769256306061],[-79.47178436477,43.7694396598594],[-79.4718406956097,43.7696517836898],[-79.4719053875011,43.7699064859854],[-79.4719650171921,43.7701262804466],[-79.4720070357876,43.7703127644212],[-79.4720488044238,43.7704524224191],[-79.4721079951973,43.7707636703752],[-79.4721100978647,43.7707829702988],[-79.4721304801587,43.7709701492159],[-79.472143919218,43.7711059630528],[-79.4721478137057,43.7711453360212],[-79.4721573161136,43.7712256926835],[-79.4721617704076,43.7712632916564],[-79.4721628962793,43.7712729591873],[-79.4721761437856,43.7713399770244],[-79.4722051917032,43.7714870110017],[-79.4725063156056,43.772211499733],[-79.47338553753,43.7742785882234],[-79.474451436088,43.7768073932699],[-79.4756226466651,43.7795733938576],[-79.4758838309774,43.7801854469004],[-79.4759158455427,43.7802792294943],[-79.4759411639984,43.7803420547934],[-79.4759786522563,43.780417783101],[-79.476013411542,43.7804833026121],[-79.476047786422,43.7805440964247],[-79.4760747294256,43.7805837179533],[-79.4761247538861,43.7806578466277],[-79.4761587593952,43.7807139156214],[-79.476208130818,43.7807749474407],[-79.4762509115497,43.7808206390004],[-79.4763178108041,43.7808801451157],[-79.4763541949238,43.7809224688784],[-79.4763999813818,43.7809674859163],[-79.476437012814,43.7810036439946],[-79.4764815100603,43.7810417478466],[-79.476529945031,43.7810813565827],[-79.4765754616857,43.7811180204222],[-79.4766215508604,43.7811521649373],[-79.4766676276713,43.7811862905287],[-79.4767270071157,43.7812282606165],[-79.4767683797612,43.7812514218028],[-79.4768322819117,43.7812923747242],[-79.4768731953825,43.781314465542],[-79.4769204161409,43.7813435146109],[-79.4769869543644,43.781379068185],[-79.4770538871723,43.7814193465051],[-79.4771141170384,43.7814479048414],[-79.4771827425081,43.7814805864505],[-79.4772712555179,43.7815172162805],[-79.4773550530407,43.7815428817021],[-79.477449497897,43.7816010253265],[-79.4775331988437,43.7816495535286],[-79.4781654120092,43.781939209859],[-79.4793379439362,43.7825547412492],[-79.4797140934472,43.7827179437128],[-79.4799192001647,43.7828257651275],[-79.4800532342909,43.7829182979359],[-79.4801728468191,43.7830080467288],[-79.4802704932926,43.7830967105671],[-79.4803705631981,43.7832257016949],[-79.4804219023378,43.783325968923],[-79.4804871695737,43.7834663746369],[-79.4805465103421,43.7836045002101],[-79.4806570920394,43.7838465185092],[-79.4807877271259,43.784123682353],[-79.4809261004247,43.7844111545419],[-79.4810577902909,43.7847002096434]]}"
95,22058,None,2025-02-11,Sidewalk Construction,TABER RD&lt;br&gt; From: KIPLING AVE&lt;br&gt; To: BRYDON DR ,Installation of new sidewalks where none existed before.,Q3 2026 - Q4 2026,Active,None,Transportation Services,"Christy Manoharan, Engineering and Construction Services",cmanoha@toronto.ca,https://www.toronto.ca/services-payments/streets-parking-transportation/walking-in-toronto/,TS_Sidewalk,12,2026,EXTERNAL,"{""type"":""LineString"",""coordinates"":[[-79.5703983071309,43.7194064230807],[-79.5729206559612,43.7187594087649]]}"
96,22126, ,2026-04-15,Sidewalk Construction,AMIENS RD&lt;br&gt; From: TEFFT RD &lt;br&gt; To: FAIRWOOD CRES ,Installation of new sidewalks where none existed before.,Q2 2026 - Q4 2026,Active,None,Transportation Services,"Niloufar Mohajerani, Engineering and Construction Services",nmohaje@toronto.ca,https://www.toronto.ca/services-payments/streets-parking-transportation/walking-in-toronto/,TS_Sidewalk,12,2026,EXTERNAL,"{""type"":""LineString"",""coordinates"":[[-79.1863638005539,43.7735699522827],[-79.1868036619154,43.7738546671156],[-79.1868450449427,43.7738898382272],[-79.1868816769281,43.773933277375],[-79.1869232842013,43.7739923921575],[-79.1869513356938,43.7740545391914],[-79.186996599507,43.7741416476665],[-79.187177228674,43.7745825554159],[-79.18736667914,43.7750286896456],[-79.1881164928947,43.7767670532607]]}"
97,22156,TS2024-09-004,2026-05-06,Sidewalk Construction,CALEDONIA PARK RD&lt;br&gt; From: DAVENPORT RD&lt;br&gt; To: [330m N] DAVENPORT RD ,Installation of new sidewalks where none existed before.,Q3 2027 - Q4 2027,Active,None,Transportation Services,"Gabor Szakter, Engineering and Construction Services",gszakte@toronto.ca,https://www.toronto.ca/services-payments/streets-parking-transportation/walking-in-toronto/,TS_Sidewalk,12,2027,EXTERNAL,"{""type"":""LineString"",""coordinates"":[[-79.4510759660121,43.6710951718721],[-79.4512299978841,43.6712986839128],[-79.4515409906957,43.6716757215693],[-79.4517724915615,43.6719510530568],[-79.4527258862318,43.6729426458586],[-79.4531927936724,43.6734196795949],[-79.4534541255152,43.6736498673609]]}"
98,22170,None,2025-10-20,Sidewalk Construction,DEWBOURNE AVE&lt;br&gt; From: BATHURST ST&lt;br&gt; To: CHILTERN HILL RD ,Installation of new sidewalks where none existed before.,Q3 2027 - Q4 2028,Active,None,Transportation Services,"Adriana Gomez, Engineering and Construction Services",AGOMEZ4@toronto.ca,https://www.toronto.ca/services-payments/streets-parking-transportation/walking-in-toronto/,TS_Sidewalk,12,2026,EXTERNAL,"{""type"":""LineString"",""coordinates"":[[-79.426880109488,43.6983304531931],[-79.4267558840889,43.6983548121504],[-79.4257691171761,43.6985482973164],[-79.4256602963572,43.6985713598985],[-79.4252334974025,43.6987641680891],[-79.4250686336684,43.6988367185031],[-79.4248569761162,43.6989298598689],[-79.4247659211015,43.6990228426484]]}"
99,22223,None,2024-03-06,Sidewalk Construction,BUTTERICK RD&lt;br&gt; From: [186 m S] EVANS AVE&lt;br&gt; To: [278 m S] EVANS AVE (ETBK) [CUL-DE-SAC] ,Installation of new sidewalks where none existed before.,2027,Active,None,Transportation Services,"Angela Au, Engineering and Construction Services",aau2@toronto.ca,https://www.toronto.ca/services-payments/streets-parking-transportation/walking-in-toronto/,TS_Sidewalk,12,2027,EXTERNAL,"{""type"":""LineString"",""coordinates"":[[-79.5303728131236,43.613112754519],[-79.5302479416237,43.6127985543407],[-79.5300604693546,43.6123268303116]]}"
